{
  "name" : "Demo",
  "type" : "NLPIntent",
  "intentParameters" : [ {
    "name" : "Linea",
    "required" : true,
    "entity" : "Linea"
  }, {
    "name" : "Categoria",
    "required" : true,
    "entity" : "Categoria"
  }, {
    "name" : "Familia",
    "required" : true,
    "entity" : "Familia"
  } ],
  "exampleData" : [ {
    "sentence" : "necesito un video con una demo",
    "exampleEntities" : [ ]
  }, {
    "sentence" : "quiero ver una demo",
    "exampleEntities" : [ ]
  }, {
    "sentence" : "necesito presentar cloud",
    "exampleEntities" : [ ]
  } ]
}