{
  "name" : "Linea",
  "type" : "ENUMVALUES",
  "enumValues" : [ {
    "canonicalName" : "PaaS",
    "synonyms" : [ "Platform as a Service" ]
  }, {
    "canonicalName" : "Iaas",
    "synonyms" : [ "Infraestructura", "Infrastructure as a Service" ]
  }, {
    "canonicalName" : "Saas",
    "synonyms" : [ "Apps" ]
  } ],
  "parentEntity" : "CURRENCY",
  "namedEntityRuleParams" : [ {
    "value" : null,
    "rule" : {
      "name" : "FOLLOWINGPHRASE"
    }
  } ],
  "multiValue" : false,
  "fuzzyMatch" : false,
  "promptForDisambiguation" : true,
  "botPrompts" : [ {
    "text" : "Please enter Entity1",
    "sequenceNr" : null
  } ],
  "validationRules" : [ ],
  "compositeBagItems" : [ ]
}