{
  "name" : "Cotizar",
  "type" : "NLPIntent",
  "intentParameters" : [ {
    "name" : "Linea",
    "required" : true,
    "entity" : "Linea"
  }, {
    "name" : "Categoria",
    "required" : true,
    "entity" : "Categoria"
  }, {
    "name" : "Familia",
    "required" : true,
    "entity" : "Familia"
  } ],
  "exampleData" : [ {
    "sentence" : "quiero elegir producto",
    "exampleEntities" : [ ]
  }, {
    "sentence" : "quiero cotizar",
    "exampleEntities" : [ ]
  }, {
    "sentence" : "producto",
    "exampleEntities" : [ ]
  } ]
}