{
  "name" : "Experto",
  "type" : "NLPIntent",
  "intentParameters" : [ {
    "name" : "Categoria",
    "required" : true,
    "entity" : "Categoria"
  }, {
    "name" : "Linea",
    "required" : true,
    "entity" : "Linea"
  }, {
    "name" : "Familia",
    "required" : true,
    "entity" : "Familia"
  } ],
  "exampleData" : [ {
    "sentence" : "necesito un preventa",
    "exampleEntities" : [ ]
  }, {
    "sentence" : "estoy buscando un experto",
    "exampleEntities" : [ ]
  }, {
    "sentence" : "quien sabe de jcs?",
    "exampleEntities" : [ ]
  }, {
    "sentence" : "quiero saber quien me puede ayudar",
    "exampleEntities" : [ ]
  }, {
    "sentence" : "necesito un especialista de producto",
    "exampleEntities" : [ ]
  } ]
}