{
  "name" : "Categoria",
  "type" : "ENUMVALUES",
  "enumValues" : [ {
    "canonicalName" : "Application Development",
    "synonyms" : [ "devops", "desarrollo", "jcs" ]
  }, {
    "canonicalName" : "Integration",
    "synonyms" : [ "integracion", "ics" ]
  }, {
    "canonicalName" : "Data Management",
    "synonyms" : [ "dbcs", "database", "db", "base de datos" ]
  } ],
  "namedEntityRuleParams" : [ ],
  "multiValue" : false,
  "fuzzyMatch" : false,
  "promptForDisambiguation" : true,
  "botPrompts" : [ {
    "text" : "Please enter Entity2",
    "sequenceNr" : null
  } ],
  "validationRules" : [ ],
  "compositeBagItems" : [ ]
}