{
  "name" : "Familia",
  "type" : "ENUMVALUES",
  "enumValues" : [ {
    "canonicalName" : "Database Cloud Service",
    "synonyms" : null
  }, {
    "canonicalName" : "Java Cloud Service",
    "synonyms" : null
  }, {
    "canonicalName" : "Integration Cloud",
    "synonyms" : null
  } ],
  "namedEntityRuleParams" : [ ],
  "multiValue" : false,
  "fuzzyMatch" : false,
  "promptForDisambiguation" : true,
  "botPrompts" : [ {
    "text" : "Please enter Entity3",
    "sequenceNr" : null
  } ],
  "validationRules" : [ ],
  "compositeBagItems" : [ ]
}