{
  "name" : "PrecioProducto",
  "type" : "NLPIntent",
  "intentParameters" : [ {
    "name" : "Categoria",
    "required" : true,
    "entity" : "Categoria"
  } ],
  "exampleData" : [ {
    "sentence" : "Cual es el precio?",
    "exampleEntities" : [ ]
  }, {
    "sentence" : "Que metrica usa?",
    "exampleEntities" : [ ]
  }, {
    "sentence" : "Como es el costo del JCS?",
    "exampleEntities" : [ ]
  }, {
    "sentence" : "Como es el licenciamiento de DBCS?",
    "exampleEntities" : [ ]
  }, {
    "sentence" : "como se licencia jcs?",
    "exampleEntities" : [ ]
  } ]
}