{
  "name" : "Categoria",
  "type" : "ENUMVALUES",
  "enumValues" : [ {
    "canonicalName" : "Oracle Java Cloud Service",
    "synonyms" : [ "Weblogic", "Java", "Application Server", "JCS" ]
  }, {
    "canonicalName" : "Oracle Application Container Cloud Service",
    "synonyms" : [ "ACCS" ]
  }, {
    "canonicalName" : "Oracle Mobile Cloud Service",
    "synonyms" : [ "movil", "mobile", "desarrollo movil", "MCS" ]
  }, {
    "canonicalName" : "Oracle Visual Cloud Service",
    "synonyms" : [ "OVCS" ]
  }, {
    "canonicalName" : "Oracle Integration Cloud",
    "synonyms" : [ "Integracion", "Integration", "ICS", "OIC" ]
  }, {
    "canonicalName" : "Oracle SOA Cloud Service",
    "synonyms" : [ "SOACS", "SOA" ]
  }, {
    "canonicalName" : "Oracle Internet of Things Cloud",
    "synonyms" : [ "Internet de las Cosas", "Internet of Things", "IOT", "IOTCS" ]
  }, {
    "canonicalName" : "Oracle Process Cloud Service",
    "synonyms" : [ "Procesos", "Process", "PCS" ]
  }, {
    "canonicalName" : "Oracle Database Cloud Service",
    "synonyms" : [ "Database", "DB", "DBCS", "Base de datos" ]
  }, {
    "canonicalName" : "Oracle Cloud Infraestructure",
    "synonyms" : [ "IaaS", "OCI", "Infraestructura", "Infraestructure" ]
  }, {
    "canonicalName" : "Oracle Cloud Networking",
    "synonyms" : [ "OCN", "Networking", "Redes" ]
  }, {
    "canonicalName" : "Oracle Cloud Storage",
    "synonyms" : [ "OCS", "Storage", "Almacenamiento" ]
  }, {
    "canonicalName" : "Oracle Cloud Machines",
    "synonyms" : [ "OCM", "Cloud at Customer" ]
  } ],
  "namedEntityRuleParams" : [ ]
}